param;process_name
stringtrim;File_Transformer_File_stringtrim
arithmeticexpression;File_Transformer_File_arithmeticexpression
add;file_trans_file_add
subtract;File_Trans_File_Subtract
multiply;File_Trans_File_multiply
division;File_trans_file_division
stringconcatnation;File_trans_File_strconcate
simplemapping;File_trans_File_simplemapping
dbcachelookup;File_trans_File_dbcachelookup
substring;File_trans_File_substring
stringtolist;File_trans_File_stringtolist
currentdateformat;File_trans_File_currenttimestamp
dateformatting;File_trans_File_dateformatting
numberformat;File_trans_File_numberformat